YeshuvName,MunicipalName,total
לא רשום , ,37422
שחר ,מועצה אזורית לכיש ,744
תירוש ,מועצה אזורית מטה יהודה ,426
"ניר ח""ן ",מועצה אזורית לכיש ,623
חצבה ,מועצה אזורית הערבה התיכונה ,822
נועם ,מועצה אזורית שפיר ,456
בית ניר ,מועצה אזורית יואב ,740
שדה משה ,מועצה אזורית לכיש ,642
באר אורה ,מועצה אזורית חבל אילות ,1301
מקווה ישראל , ,190
אמציה ,מועצה אזורית לכיש ,209
מועצה אזורית לכיש ,מועצה אזורית לכיש ,881
ראש פינה , ,3463
שדות מיכה ,מועצה אזורית מטה יהודה ,359
מזכרת בתיה , ,17448
יסוד המעלה , ,1823
אופקים , ,43283
עוצם ,מועצה אזורית לכיש ,694
בת שלמה ,מועצה אזורית חוף הכרמל ,647
גדות ,מועצה אזורית הגליל העליון ,573
שדה דוד ,מועצה אזורית לכיש ,719
איתן ,מועצה אזורית שפיר ,816
גפן ,מועצה אזורית מטה יהודה ,406
אליכין , ,3717
מטולה , ,2268
זוהר ,מועצה אזורית לכיש ,347
יבנאל , ,4979
כפר תבור , ,4909
מנחמיה ,מועצה אזורית עמק המעיינות ,1293
אילניה ,מועצה אזורית הגליל התחתון ,599
לוזית ,מועצה אזורית מטה יהודה ,917
עתלית ,מועצה אזורית חוף הכרמל ,12125
נוגה ,מועצה אזורית לכיש ,583
כנרת )קבוצה( ,מועצה אזורית עמק הירדן ,912
מצפה ,מועצה אזורית הגליל התחתון ,142
נחושה ,מועצה אזורית מטה יהודה ,1505
דגניה א' ,מועצה אזורית עמק הירדן ,721
כנרת )מושבה( ,מועצה אזורית עמק הירדן ,704
"יד רמב""ם ",מועצה אזורית גזר ,1240
מגדל , ,2260
מרחביה )קיבוץ( ,מועצה אזורית עמק יזרעאל ,1466
אור הנר ,מועצה אזורית שער הנגב ,1140
ניר עוז ,מועצה אזורית אשכול ,421
אשדוד , ,260968
אשבול ,מועצה אזורית מרחבים ,717
גן שמואל ,מועצה אזורית מנשה ,1269
עין הוד ,מועצה אזורית חוף הכרמל ,695
כפר גלעדי ,מועצה אזורית הגליל העליון ,829
איילת השחר ,מועצה אזורית הגליל העליון ,1164
קרית ענבים ,מועצה אזורית מטה יהודה ,507
דגניה ב' ,מועצה אזורית עמק הירדן ,847
נהלל ,מועצה אזורית עמק יזרעאל ,1410
עין חרוד )מאוחד( ,מועצה אזורית הגלבוע,1027
תל יוסף ,מועצה אזורית הגלבוע,623
כפר יחזקאל ,מועצה אזורית הגלבוע,1262
גבע ,מועצה אזורית הגלבוע,699
כרם בן שמן ,מועצה אזורית חבל מודיעין ,101
עין חרוד )איחוד( ,מועצה אזורית הגלבוע,720
חפצי-בה ,מועצה אזורית הגלבוע,920
גיניגר ,מועצה אזורית עמק יזרעאל ,887
בלפוריה ,מועצה אזורית עמק יזרעאל ,611
בית אלפא ,מועצה אזורית הגלבוע,1246
יגור ,מועצה אזורית זבולון ,1881
מרחביה )מושב( ,מועצה אזורית עמק יזרעאל ,782
"כפר מל""ל ",מועצה אזורית דרום השרון ,345
מצפה רמון , ,5976
מאיר שפיה ,מועצה אזורית חוף הכרמל ,147
תל עדשים ,מועצה אזורית עמק יזרעאל ,1328
מזרע ,מועצה אזורית עמק יזרעאל ,1039
כפר גדעון ,מועצה אזורית עמק יזרעאל ,379
כפר סילבר ,מועצה אזורית חוף אשקלון ,135
כפר חסידים א' ,מועצה אזורית זבולון ,803
אדירים ,מועצה אזורית הגלבוע,350
חופית ,מועצה אזורית עמק חפר ,1038
רמת ישי , ,8554
שריד ,מועצה אזורית עמק יזרעאל ,1163
רמת רחל ,מועצה אזורית מטה יהודה ,566
גת רימון ,מועצה אזורית דרום השרון ,249
משמר העמק ,מועצה אזורית מגידו ,1437
כפר ברוך ,מועצה אזורית עמק יזרעאל ,835
גבת ,מועצה אזורית עמק יזרעאל ,1106
יפעת ,מועצה אזורית עמק יזרעאל ,1347
רמת דוד ,מועצה אזורית עמק יזרעאל ,735
עין שמר ,מועצה אזורית מנשה ,1054
כפר יהושע ,מועצה אזורית עמק יזרעאל ,1302
ברק ,מועצה אזורית הגלבוע,440
שדה יעקב ,מועצה אזורית עמק יזרעאל ,1121
בית זרע ,מועצה אזורית עמק הירדן ,849
גן שלמה ,מועצה אזורית ברנר ,666
גדיש ,מועצה אזורית הגלבוע,395
דבורה ,מועצה אזורית הגלבוע,351
גבעת מועצה אזורית ברנר ,מועצה אזורית ברנר ,2809
תל מונד , ,16495
מועצה אזורית באר טוביה ,מועצה אזורית באר טוביה ,1276
עיינות ,מועצה אזורית גן רווה ,195
עין ורד ,מועצה אזורית לב השרון ,1626
נען ,מועצה אזורית גזר ,2054
בית חנן ,מועצה אזורית גן רווה ,657
חולדה ,מועצה אזורית גזר ,1383
חירות ,מועצה אזורית לב השרון ,1353
תימורים ,מועצה אזורית באר טוביה ,816
מלאה ,מועצה אזורית הגלבוע,383
ניר יפה ,מועצה אזורית הגלבוע,718
גן יבנה , ,27346
עין החורש ,מועצה אזורית עמק חפר ,1025
כפר יונה , ,30395
כפר יעבץ ,מועצה אזורית לב השרון ,796
פרדסיה , ,8401
גבעת חיים )מאוחד( ,מועצה אזורית עמק חפר ,1314
נטעים ,מועצה אזורית גן רווה ,790
אביחיל ,מועצה אזורית עמק חפר ,1373
אפיקים ,מועצה אזורית עמק הירדן ,1430
"כפר ביל""ו ",מועצה אזורית גזר ,1164
רמת יוחנן ,מועצה אזורית זבולון ,1314
אבן יהודה , ,16002
ירקונה ,מועצה אזורית דרום השרון ,385
רמת הכובש ,מועצה אזורית דרום השרון ,1146
נעורים ,מועצה אזורית עמק חפר ,207
כפר הס ,מועצה אזורית לב השרון ,1474
אשדות יעקב )מאוחד( ,מועצה אזורית עמק הירדן ,920
כפר פינס ,מועצה אזורית מנשה ,707
כפר ויתקין ,מועצה אזורית עמק חפר ,1974
הדר עם ,מועצה אזורית עמק חפר ,807
כפר החורש ,מועצה אזורית עמק יזרעאל ,813
כפר חיים ,מועצה אזורית עמק חפר ,615
משמר השרון ,מועצה אזורית עמק חפר ,829
קדימה-צורן , ,23879
גיבתון ,מועצה אזורית ברנר ,436
מעברות ,מועצה אזורית עמק חפר ,1071
צופית ,מועצה אזורית דרום השרון ,1098
אשדות יעקב )איחוד( ,מועצה אזורית עמק הירדן ,1018
בית ינאי ,מועצה אזורית עמק חפר ,431
בית עובד ,מועצה אזורית גן רווה ,362
אלישיב ,מועצה אזורית עמק חפר ,712
חגלה ,מועצה אזורית עמק חפר ,816
רמות השבים ,מועצה אזורית דרום השרון ,1728
"גבעת ח""ן ",מועצה אזורית דרום השרון ,416
מוצא עילית ,מועצה אזורית מטה יהודה ,1655
בית צבי ,מועצה אזורית חוף הכרמל ,98
משמרות ,מועצה אזורית מנשה ,1392
"כפר הרא""ה ",מועצה אזורית עמק חפר ,1286
גני עם ,מועצה אזורית דרום השרון ,268
חיבת ציון ,מועצה אזורית עמק חפר ,979
כפר ביאליק ,מועצה אזורית זבולון ,643
עין עירון ,מועצה אזורית מנשה ,585
שושנת העמקים ,מועצה אזורית עמק חפר ,591
גן המועצה אזורית שומרון ,מועצה אזורית מנשה ,948
גני תקווה , ,26463
מעש ,מועצה אזורית דרום השרון ,956
שפיים ,מועצה אזורית חוף השרון ,1605
כפר ידידיה ,מועצה אזורית עמק חפר ,756
ביצרון ,מועצה אזורית באר טוביה ,1207
חבצלת השרון ,מועצה אזורית עמק חפר ,454
שער העמקים ,מועצה אזורית זבולון ,835
גן חיים ,מועצה אזורית דרום השרון ,717
יקנעם עילית , ,27632
יקנעם )מושבה( ,מועצה אזורית מגידו ,1475
בית השיטה ,מועצה אזורית הגלבוע,1551
נתיבות , ,59429
רשפון ,מועצה אזורית חוף השרון ,1383
בית שערים ,מועצה אזורית עמק יזרעאל ,734
כפר סירקין ,מועצה אזורית דרום השרון ,1508
הזורע ,מועצה אזורית מגידו ,1311
ביתן אהרן ,מועצה אזורית עמק חפר ,332
חולתה ,מועצה אזורית הגליל העליון ,878
כפר המכבי ,מועצה אזורית זבולון ,505
כפר חיטים ,מועצה אזורית הגליל התחתון ,677
ניר דוד )תל עמל( ,מועצה אזורית עמק המעיינות ,994
נופך ,מועצה אזורית חבל מודיעין ,632
שדה נחום ,מועצה אזורית עמק המעיינות ,1276
גינוסר ,מועצה אזורית עמק הירדן ,813
מסדה ,מועצה אזורית עמק הירדן ,418
שער המועצה אזורית גולן ,מועצה אזורית עמק הירדן ,631
בית יוסף ,מועצה אזורית עמק המעיינות ,517
כפר שמריהו , ,2571
טירת צבי ,מועצה אזורית עמק המעיינות ,1109
מולדת ,מועצה אזורית הגלבוע,1229
עין השופט ,מועצה אזורית מגידו ,1269
מעוז חיים ,מועצה אזורית עמק המעיינות ,643
עין גב ,מועצה אזורית עמק הירדן ,664
כפר מנחם ,מועצה אזורית יואב ,1465
צור משה ,מועצה אזורית לב השרון ,2814
אושה ,מועצה אזורית זבולון ,709
חניתה ,מועצה אזורית מטה אשר ,1025
פקיעין חדשה ,מועצה אזורית מעלה יוסף ,602
שבי ציון ,מועצה אזורית מטה אשר ,1471
שדה ורבורג ,מועצה אזורית דרום השרון ,1406
אלונים ,מועצה אזורית עמק יזרעאל ,869
מעלה החמישה ,מועצה אזורית מטה יהודה ,973
תל יצחק ,מועצה אזורית חוף השרון ,934
בית יהושע ,מועצה אזורית חוף השרון ,1184
עין המפרץ ,מועצה אזורית מטה אשר ,1037
מעין צבי ,מועצה אזורית חוף הכרמל ,985
שרונה ,מועצה אזורית הגליל התחתון ,667
שדה מועצה אזורית יואב ,מועצה אזורית יואב ,675
אילון ,מועצה אזורית מטה אשר ,1318
כפר רופין ,מועצה אזורית עמק המעיינות ,638
נווה איתן ,מועצה אזורית עמק המעיינות ,310
כפר מסריק ,מועצה אזורית מטה אשר ,888
מסילות ,מועצה אזורית עמק המעיינות ,611
דליה ,מועצה אזורית מגידו ,1052
בית עוזיאל ,מועצה אזורית גזר ,704
דפנה ,מועצה אזורית הגליל העליון ,1120
דן ,מועצה אזורית הגליל העליון ,898
שדה אליהו ,מועצה אזורית עמק המעיינות ,958
גשר ,מועצה אזורית עמק המעיינות ,578
שדמות דבורה ,מועצה אזורית הגליל התחתון ,808
הזורעים ,מועצה אזורית הגליל התחתון ,1309
מחניים ,מועצה אזורית הגליל העליון ,864
נהורה ,מועצה אזורית לכיש ,1274
כפר גליקסון ,מועצה אזורית מנשה ,463
גן שורק ,מועצה אזורית גן רווה ,379
נווה ים ,מועצה אזורית חוף הכרמל ,402
אפק ,מועצה אזורית מטה אשר ,859
נגבה ,מועצה אזורית יואב ,1085
כפר נטר ,מועצה אזורית חוף השרון ,1101
בית אורן ,מועצה אזורית חוף הכרמל ,599
עמיעוז ,מועצה אזורית אשכול ,330
עמיר ,מועצה אזורית הגליל העליון ,763
כפר ורבורג ,מועצה אזורית באר טוביה ,1198
בית הלל ,מועצה אזורית מבואות החרמון ,1092
שאר ישוב ,מועצה אזורית מבואות החרמון ,755
מצובה ,מועצה אזורית מטה אשר ,1322
בית יצחק-שער חפר ,מועצה אזורית עמק חפר ,2379
שדות ים ,מועצה אזורית חוף הכרמל ,1171
עזוז ,מועצה אזורית רמת נגב ,94
שדה נחמיה ,מועצה אזורית הגליל העליון ,1196
אלומות ,מועצה אזורית עמק הירדן ,532
ניר צבי ,מועצה אזורית שדות דן ,1298
קבוצת יבנה ,מועצה אזורית חבל יבנה ,853
רמת השופט ,מועצה אזורית מגידו ,1230
דורות ,מועצה אזורית שער הנגב ,880
איבים ,מועצה אזורית שער הנגב ,485
רמת צבי ,מועצה אזורית הגלבוע,801
גת )קיבוץ( ,מועצה אזורית יואב ,1051
גברעם ,מועצה אזורית חוף אשקלון ,755
חמדיה ,מועצה אזורית עמק המעיינות ,545
מענית ,מועצה אזורית מנשה ,955
כפר סאלד ,מועצה אזורית הגליל העליון ,731
גליל ים ,מועצה אזורית חוף השרון ,587
מנרה ,מועצה אזורית הגליל העליון ,316
ניר עם ,מועצה אזורית שער הנגב ,797
ניצן ,מועצה אזורית חוף אשקלון ,2690
גבולות ,מועצה אזורית אשכול ,517
בית זיד ,מועצה אזורית עמק יזרעאל ,120
רביבים ,מועצה אזורית רמת נגב ,960
חורשים ,מועצה אזורית דרום השרון ,442
הגושרים ,מועצה אזורית הגליל העליון ,1358
כפר בלום ,מועצה אזורית הגליל העליון ,1061
יד מרדכי ,מועצה אזורית חוף אשקלון ,1046
ניצנים ,מועצה אזורית חוף אשקלון ,736
"גבעת ניל""י ",מועצה אזורית אלונה ,639
רוחמה ,מועצה אזורית שער הנגב ,833
חפץ חיים ,מועצה אזורית נחל שורק ,722
כפר אוריה ,מועצה אזורית מטה יהודה ,851
בית קשת ,מועצה אזורית הגליל התחתון ,858
שמיר ,מועצה אזורית הגליל העליון ,1008
עין העמק ,מועצה אזורית מגידו ,870
ביריה ,מועצה אזורית מרום הגליל ,933
גלעד )אבן יצחק( ,מועצה אזורית מגידו ,589
מועצה אזורית גזר ,מועצה אזורית גזר ,571
כדורי ,מועצה אזורית הגליל התחתון ,86
רמות נפתלי ,מועצה אזורית מבואות החרמון ,595
בית הלוי ,מועצה אזורית עמק חפר ,818
חוקוק ,מועצה אזורית עמק הירדן ,844
מגל ,מועצה אזורית מנשה ,1409
עברון ,מועצה אזורית מטה אשר ,1069
המעפיל ,מועצה אזורית עמק חפר ,1058
מועצה אזורית משגב עם ,מועצה אזורית הגליל העליון ,398
גאולים ,מועצה אזורית לב השרון ,980
להבות הבשן ,מועצה אזורית הגליל העליון ,975
מכמורת ,מועצה אזורית עמק חפר ,1571
"עין הנצי""ב ",מועצה אזורית עמק המעיינות ,786
עמיעד ,מועצה אזורית הגליל העליון ,726
בני דרור ,מועצה אזורית לב השרון ,1283
כפר מונש ,מועצה אזורית עמק חפר ,947
כפר קיש ,מועצה אזורית הגליל התחתון ,816
בצרה ,מועצה אזורית חוף השרון ,1100
רגבה ,מועצה אזורית מטה אשר ,1085
קדמה ,מועצה אזורית יואב ,37
גלאון ,מועצה אזורית יואב ,771
שובל ,מועצה אזורית בני שמעון ,1011
משמר הנגב ,מועצה אזורית בני שמעון ,1347
נבטים ,מועצה אזורית בני שמעון ,1166
חצרים ,מועצה אזורית בני שמעון ,1150
שרשרת ,מועצה אזורית שדות נגב ,427
בארי ,מועצה אזורית אשכול ,1224
אבן שמואל ,מועצה אזורית שפיר ,2029
ניר יצחק ,מועצה אזורית אשכול ,701
אורים ,מועצה אזורית אשכול ,599
נווה אילן ,מועצה אזורית מטה יהודה ,1127
חצור-אשדוד ,מועצה אזורית באר טוביה ,1099
דברת ,מועצה אזורית עמק יזרעאל ,679
נאות מרדכי ,מועצה אזורית הגליל העליון ,810
יחיעם ,מועצה אזורית מטה אשר ,961
קרית שלמה ,מועצה אזורית חוף השרון ,8
צאלים ,מועצה אזורית אשכול ,510
קלחים ,מועצה אזורית מרחבים ,658
שוקדה ,מועצה אזורית שדות נגב ,796
מעין ברוך ,מועצה אזורית הגליל העליון ,862
יקום ,מועצה אזורית חוף השרון ,889
בני ציון ,מועצה אזורית חוף השרון ,1168
סעד ,מועצה אזורית שדות נגב ,1068
משאבי שדה ,מועצה אזורית רמת נגב ,669
חרב לאת ,מועצה אזורית עמק חפר ,895
העוגן ,מועצה אזורית עמק חפר ,991
גבים ,מועצה אזורית שער הנגב ,702
משמרת ,מועצה אזורית לב השרון ,952
עין כרמל ,מועצה אזורית חוף הכרמל ,866
כפר גלים ,מועצה אזורית חוף הכרמל ,163
ברור חיל ,מועצה אזורית שער הנגב ,1181
אלוני אבא ,מועצה אזורית עמק יזרעאל ,1039
בית לחם הגלילית ,מועצה אזורית עמק יזרעאל ,869
דלתון ,מועצה אזורית מרום הגליל ,1042
שמרת ,מועצה אזורית מטה אשר ,726
נחשולים ,מועצה אזורית חוף הכרמל ,792
החותרים ,מועצה אזורית חוף הכרמל ,964
נצר סרני ,מועצה אזורית גזר ,1147
עין דור ,מועצה אזורית עמק יזרעאל ,1432
רשפים ,מועצה אזורית עמק המעיינות ,1280
שלוחות ,מועצה אזורית עמק המעיינות ,615
יסודות ,מועצה אזורית נחל שורק ,847
גדעונה ,מועצה אזורית הגלבוע,541
כפר הנשיא ,מועצה אזורית הגליל העליון ,979
רגבים ,מועצה אזורית מנשה ,761
רמות מועצה אזורית מנשה ,מועצה אזורית מגידו ,1497
אודים ,מועצה אזורית חוף השרון ,1140
נורדיה ,מועצה אזורית לב השרון ,2023
בני עטרות ,מועצה אזורית חבל מודיעין ,891
נחלים ,מועצה אזורית חבל מודיעין ,1484
בארות יצחק ,מועצה אזורית חבל מודיעין ,575
יזרעאל ,מועצה אזורית הגלבוע,812
יפתח ,מועצה אזורית הגליל העליון ,810
סער ,מועצה אזורית מטה אשר ,1064
שורש ,מועצה אזורית מטה יהודה ,1280
גזית ,מועצה אזורית עמק יזרעאל ,942
רמת רזיאל ,מועצה אזורית מטה יהודה ,707
טל שחר ,מועצה אזורית מטה יהודה ,1262
געתון ,מועצה אזורית מטה אשר ,889
הראל ,מועצה אזורית מטה יהודה ,355
צובה ,מועצה אזורית מטה יהודה ,811
בית דגן , ,7703
קרית עקרון , ,11190
אבו גוש , ,8937
אבו סנאן , ,14879
דחי ,מועצה אזורית בוסתן-אל-מרג',770
אכסאל , ,16212
בית ג'ן , ,13060
מגאר , ,25188
בועיינה-נוג'ידאת , ,11212
בענה , ,8942
ג'ולס , ,7051
ג'ש )גוש חלב( , ,3454
דבוריה , ,11432
דייר אל-אסד , ,13765
דייר חנא , ,11525
דייר ראפאת ,מועצה אזורית מטה יהודה ,89
דאלית אל-כרמל , ,18898
חורפיש , ,7139
טייבה )בעמק( ,מועצה אזורית הגלבוע,2113
טורעאן , ,15847
יפיע , ,20876
ירכא , ,17215
כאבול , ,13522
כאוכב אבו אל-היגא , ,4177
כפר יאסיף , ,11318
כפר כמא , ,3759
כפר כנא , ,25484
כפר מנדא , ,22959
עילוט , ,9441
כפר מצר ,מועצה אזורית בוסתן-אל-מרג',2944
עין ראפה ,מועצה אזורית מטה יהודה ,1396
מג'ד אל-כרום , ,16597
מזרעה , ,4380
מעיליא , ,3455
משהד , ,9528
עין נקובא ,מועצה אזורית מטה יהודה ,4332
נחף , ,14727
ניין ,מועצה אזורית בוסתן-אל-מרג',2175
נאעורה ,מועצה אזורית הגלבוע,2627
סאג'ור , ,4668
סולם ,מועצה אזורית בוסתן-אל-מרג',3209
שזור ,מועצה אזורית מרום הגליל ,348
עוזייר ,מועצה אזורית אל-בטוף ,3688
אעבלין , ,14227
עיילבון , ,6012
עראבה , ,29131
עין מאהל , ,14842
עספיא , ,13329
פסוטה , ,3621
פקיעין )בוקייעה( , ,6456
פוריידיס , ,14262
שעב , ,8143
רומאנה ,מועצה אזורית אל-בטוף ,1377
ריחאניה ,מועצה אזורית מרום הגליל ,1325
ג'סר א-זרקא , ,16076
ריינה , ,17908
ראמה , ,8718
עין אל-אסד ,מועצה אזורית מרום הגליל ,961
טמרה )יזרעאל( ,מועצה אזורית הגלבוע,1767
גנות הדר ,מועצה אזורית לב השרון ,996
ניר בנים ,מועצה אזורית באר טוביה ,775
שדמה ,מועצה אזורית גדרות ,533
בוסתן הגליל ,מועצה אזורית מטה אשר ,1128
בית אלעזרי ,מועצה אזורית ברנר ,1601
משמר דוד ,מועצה אזורית גזר ,1551
רבדים ,מועצה אזורית יואב ,932
אזור , ,13778
גבעת שמש ,מועצה אזורית מטה יהודה ,7
צרעה ,מועצה אזורית מטה יהודה ,1299
מעונה ,מועצה אזורית מעלה יוסף ,942
בית גמליאל ,מועצה אזורית חבל יבנה ,1101
בית העמק ,מועצה אזורית מטה אשר ,837
מבקיעים ,מועצה אזורית חוף אשקלון ,602
גשר הזיו ,מועצה אזורית מטה אשר ,1761
יסעור ,מועצה אזורית מטה אשר ,995
כברי ,מועצה אזורית מטה אשר ,1249
יד בנימין ,מועצה אזורית נחל שורק ,4613
סאסא ,מועצה אזורית הגליל העליון ,523
כפר ראש הנקרה ,מועצה אזורית מטה אשר ,1518
"כרם מהר""ל ",מועצה אזורית חוף הכרמל ,1028
כפר הנגיד ,מועצה אזורית גן רווה ,1071
זיקים ,מועצה אזורית חוף אשקלון ,1207
לביא ,מועצה אזורית הגליל התחתון ,765
מועצה אזורית מגידו ,מועצה אזורית מגידו ,1009
סביון , ,5368
בני ראם ,מועצה אזורית נחל שורק ,1384
בצת ,מועצה אזורית מטה אשר ,707
נווה אור ,מועצה אזורית עמק המעיינות ,518
עשרת ,מועצה אזורית גדרות ,1071
בני דרום ,מועצה אזורית חבל יבנה ,1080
ערוגות ,מועצה אזורית באר טוביה ,985
צפריה ,מועצה אזורית שדות דן ,1021
לוחמי הגיטאות ,מועצה אזורית מטה אשר ,974
מלכיה ,מועצה אזורית הגליל העליון ,579
פלמחים ,מועצה אזורית גן רווה ,885
בית קמה ,מועצה אזורית בני שמעון ,1193
פרוד ,מועצה אזורית מרום הגליל ,756
נירים ,מועצה אזורית אשכול ,596
אלקוש ,מועצה אזורית מעלה יוסף ,292
בית עריף ,מועצה אזורית חבל מודיעין ,1038
כפר שמאי ,מועצה אזורית מרום הגליל ,607
מזור ,מועצה אזורית חבל מודיעין ,1151
מירון ,מועצה אזורית מרום הגליל ,977
כפר חושן ,מועצה אזורית מרום הגליל ,948
סתריה ,מועצה אזורית גזר ,1137
צרופה ,מועצה אזורית חוף הכרמל ,1122
ציפורי ,מועצה אזורית עמק יזרעאל ,1055
שומרה ,מועצה אזורית מעלה יוסף ,427
קדרון ,מועצה אזורית ברנר ,1695
רינתיה ,מועצה אזורית חבל מודיעין ,1020
ברקאי ,מועצה אזורית מנשה ,739
חדיד ,מועצה אזורית חבל מודיעין ,998
בית גוברין ,מועצה אזורית יואב ,498
משואות יצחק ,מועצה אזורית שפיר ,726
עין צורים ,מועצה אזורית שפיר ,887
יראון ,מועצה אזורית הגליל העליון ,484
ג'לג'וליה , ,11577
ג'ת , ,13688
כפר ברא , ,4487
כפר קאסם , ,27510
מוקייבלה ,מועצה אזורית הגלבוע,4753
צנדלה ,מועצה אזורית הגלבוע,2031
ערערה , ,22124
קלנסווה , ,25571
מצר ,מועצה אזורית מנשה ,578
מייסר ,מועצה אזורית מנשה ,2208
אבטין ,מועצה אזורית זבולון ,3064
כפר קרע , ,21753
שייח' דנון ,מועצה אזורית מטה אשר ,3206
שער אפרים ,מועצה אזורית לב השרון ,2004
חוסן ,מועצה אזורית מעלה יוסף ,1275
טירת יהודה ,מועצה אזורית חבל מודיעין ,1239
כרם בן זמרה ,מועצה אזורית מרום הגליל ,668
תקומה ,מועצה אזורית שדות נגב ,893
עומר , ,9069
ברעם ,מועצה אזורית הגליל העליון ,763
מפלסים ,מועצה אזורית שער הנגב ,1032
משמר איילון ,מועצה אזורית גזר ,598
בית נקופה ,מועצה אזורית מטה יהודה ,694
כפר טרומן ,מועצה אזורית חבל מודיעין ,827
לימן ,מועצה אזורית מטה אשר ,890
הבונים ,מועצה אזורית חוף הכרמל ,578
עין השלושה ,מועצה אזורית אשכול ,408
הסוללים ,מועצה אזורית עמק יזרעאל ,1072
מעגן ,מועצה אזורית עמק הירדן ,480
אביאל ,מועצה אזורית אלונה ,821
אומץ ,מועצה אזורית עמק חפר ,784
גבעת שמואל , ,32232
אליקים ,מועצה אזורית מגידו ,937
גבע כרמל ,מועצה אזורית חוף הכרמל ,1090
היוגב ,מועצה אזורית עמק יזרעאל ,1047
בניה ,מועצה אזורית ברנר ,882
נווה ימין ,מועצה אזורית דרום השרון ,1264
עין איילה ,מועצה אזורית חוף הכרמל ,1198
עלמה ,מועצה אזורית מרום הגליל ,901
מגדים ,מועצה אזורית חוף הכרמל ,1223
כפר אחים ,מועצה אזורית באר טוביה ,813
מועצה אזורית שפיר ,מועצה אזורית שפיר ,1022
"נתיב הל""ה ",מועצה אזורית מטה יהודה ,740
מעגן מיכאל ,מועצה אזורית חוף הכרמל ,2468
מגן ,מועצה אזורית אשכול ,631
"כפר חב""ד ",מועצה אזורית שדות דן ,8221
בארותיים ,מועצה אזורית עמק חפר ,1138
בורגתה ,מועצה אזורית עמק חפר ,1172
ניר ישראל ,מועצה אזורית חוף אשקלון ,894
חצב ,מועצה אזורית באר טוביה ,1360
ארבל ,מועצה אזורית הגליל התחתון ,763
האון ,מועצה אזורית עמק הירדן ,210
גבעת עוז ,מועצה אזורית מגידו ,574
נחשונים ,מועצה אזורית דרום השרון ,559
גיאה ,מועצה אזורית חוף אשקלון ,895
כפר דניאל ,מועצה אזורית חבל מודיעין ,654
עמקה ,מועצה אזורית מטה אשר ,968
תפרח ,מועצה אזורית מרחבים ,2296
בית זית ,מועצה אזורית מטה יהודה ,1493
עזריה ,מועצה אזורית גזר ,1215
בן עמי ,מועצה אזורית מטה אשר ,826
רעים ,מועצה אזורית אשכול ,524
ארז ,מועצה אזורית שער הנגב ,712
להבות חביבה ,מועצה אזורית מנשה ,1103
אייל ,מועצה אזורית דרום השרון ,658
חגור ,מועצה אזורית דרום השרון ,1040
ירחיב ,מועצה אזורית דרום השרון ,1134
תל קציר ,מועצה אזורית עמק הירדן ,638
ניר גלים ,מועצה אזורית חבל יבנה ,1273
שדה אילן ,מועצה אזורית הגליל התחתון ,828
מגשימים ,מועצה אזורית דרום השרון ,956
בית הגדי ,מועצה אזורית שדות נגב ,981
הודיה ,מועצה אזורית חוף אשקלון ,817
תלמי יחיאל ,מועצה אזורית באר טוביה ,959
משמר השבעה ,מועצה אזורית שדות דן ,1026
אליפלט ,מועצה אזורית מבואות החרמון ,838
מישר ,מועצה אזורית גדרות ,730
משמר הירדן ,מועצה אזורית מבואות החרמון ,875
גן יאשיה ,מועצה אזורית עמק חפר ,972
רמות מאיר ,מועצה אזורית גזר ,783
גילת ,מועצה אזורית מרחבים ,1663
עולש ,מועצה אזורית עמק חפר ,1190
דור ,מועצה אזורית חוף הכרמל ,453
שדה עוזיהו ,מועצה אזורית באר טוביה ,1490
אשתאול ,מועצה אזורית מטה יהודה ,1092
שואבה ,מועצה אזורית מטה יהודה ,600
מסילת ציון ,מועצה אזורית מטה יהודה ,1015
כפר שמואל ,מועצה אזורית גזר ,948
תלמי יפה ,מועצה אזורית חוף אשקלון ,712
גמזו ,מועצה אזורית חבל מודיעין ,1122
ברכיה ,מועצה אזורית חוף אשקלון ,1250
בית שקמה ,מועצה אזורית חוף אשקלון ,894
מסלול ,מועצה אזורית מרחבים ,924
פטיש ,מועצה אזורית מרחבים ,1066
פדויים ,מועצה אזורית מרחבים ,496
בית מאיר ,מועצה אזורית מטה יהודה ,404
תעוז ,מועצה אזורית מטה יהודה ,642
ינוב ,מועצה אזורית לב השרון ,877
גורן ,מועצה אזורית מעלה יוסף ,479
בית עזרא ,מועצה אזורית באר טוביה ,1094
מצליח ,מועצה אזורית גזר ,1362
יד חנה ,מועצה אזורית עמק חפר ,1103
יציץ ,מועצה אזורית גזר ,884
בן זכאי ,מועצה אזורית חבל יבנה ,887
שובה ,מועצה אזורית שדות נגב ,904
בטחה ,מועצה אזורית מרחבים ,866
שתולים ,מועצה אזורית באר טוביה ,2043
כפר מרדכי ,מועצה אזורית גדרות ,694
מועצה אזורית משגב דב ,מועצה אזורית גדרות ,776
קוממיות ,מועצה אזורית שפיר ,523
פורת ,מועצה אזורית לב השרון ,1445
כרמיה ,מועצה אזורית חוף אשקלון ,820
ניר עציון ,מועצה אזורית חוף הכרמל ,670
מבוא ביתר ,מועצה אזורית מטה יהודה ,1170
אמונים ,מועצה אזורית באר טוביה ,1003
עמיקם ,מועצה אזורית אלונה ,780
צוריאל ,מועצה אזורית מעלה יוסף ,499
יד נתן ,מועצה אזורית לכיש ,583
מחסיה ,מועצה אזורית מטה יהודה ,521
נחשון ,מועצה אזורית מטה יהודה ,730
תרום ,מועצה אזורית מטה יהודה ,965
עמינדב ,מועצה אזורית מטה יהודה ,869
אורה ,מועצה אזורית מטה יהודה ,1256
אבן ספיר ,מועצה אזורית מטה יהודה ,711
בית נחמיה ,מועצה אזורית חבל מודיעין ,901
אחיהוד ,מועצה אזורית מטה אשר ,1088
כפר זיתים ,מועצה אזורית הגליל התחתון ,773
גבעת יערים ,מועצה אזורית מטה יהודה ,1236
זיתן ,מועצה אזורית שדות דן ,1091
רנן ,מועצה אזורית מרחבים ,693
משען ,מועצה אזורית חוף אשקלון ,1001
נתיב השיירה ,מועצה אזורית מטה אשר ,512
גבעתי ,מועצה אזורית באר טוביה ,1034
עגור ,מועצה אזורית מטה יהודה ,496
יערה ,מועצה אזורית מעלה יוסף ,952
צלפון ,מועצה אזורית מטה יהודה ,1035
אחיעזר ,מועצה אזורית שדות דן ,2106
יגל ,מועצה אזורית שדות דן ,909
זכריה ,מועצה אזורית מטה יהודה ,1062
בית חנניה ,מועצה אזורית חוף הכרמל ,879
חמד ,מועצה אזורית שדות דן ,1251
"גבעת כ""ח ",מועצה אזורית חבל מודיעין ,1006
יושיביה ,מועצה אזורית שדות נגב ,767
אחיסמך ,מועצה אזורית חבל מודיעין ,1287
ישעי ,מועצה אזורית מטה יהודה ,905
עין יהב ,מועצה אזורית הערבה התיכונה ,984
חניאל ,מועצה אזורית עמק חפר ,928
ניר אליהו ,מועצה אזורית דרום השרון ,682
נחם ,מועצה אזורית מטה יהודה ,627
עופר ,מועצה אזורית חוף הכרמל ,587
יכיני ,מועצה אזורית שער הנגב ,806
שלומי , ,8553
עין יעקב ,מועצה אזורית מעלה יוסף ,1269
תלמים ,מועצה אזורית לכיש ,886
זבדיאל ,מועצה אזורית שפיר ,799
זנוח ,מועצה אזורית מטה יהודה ,531
עזריקם ,מועצה אזורית באר טוביה ,1437
זרחיה ,מועצה אזורית שפיר ,809
אביגדור ,מועצה אזורית באר טוביה ,912
חלץ ,מועצה אזורית חוף אשקלון ,564
אחוזם ,מועצה אזורית לכיש ,548
מטע ,מועצה אזורית מטה יהודה ,876
בר גיורא ,מועצה אזורית מטה יהודה ,730
כוכב מיכאל ,מועצה אזורית חוף אשקלון ,1204
נס הרים ,מועצה אזורית מטה יהודה ,1433
עוזה ,מועצה אזורית שפיר ,415
נווה מבטח ,מועצה אזורית באר טוביה ,676
ישרש ,מועצה אזורית גזר ,1058
מבטחים ,מועצה אזורית אשכול ,586
ירוחם , ,12748
נורית ,מועצה אזורית הגלבוע,317
גנות ,מועצה אזורית שדות דן ,505
עזריאל ,מועצה אזורית לב השרון ,944
פדיה ,מועצה אזורית גזר ,805
פתחיה ,מועצה אזורית גזר ,900
כיסופים ,מועצה אזורית אשכול ,411
אלישמע ,מועצה אזורית דרום השרון ,1135
געש ,מועצה אזורית חוף השרון ,1089
מרגליות ,מועצה אזורית מבואות החרמון ,467
נחל עוז ,מועצה אזורית שער הנגב ,563
כפר עזה ,מועצה אזורית שער הנגב ,1071
שפר ,מועצה אזורית מרום הגליל ,523
בית רבן ,מועצה אזורית חבל יבנה ,466
דביר ,מועצה אזורית בני שמעון ,1218
אחיטוב ,מועצה אזורית עמק חפר ,1049
ניצני עוז ,מועצה אזורית לב השרון ,1096
גונן ,מועצה אזורית הגליל העליון ,520
גאליה ,מועצה אזורית גן רווה ,1132
רחוב ,מועצה אזורית עמק המעיינות ,521
שעלבים ,מועצה אזורית גזר ,1537
כפר אביב ,מועצה אזורית גדרות ,811
נווה ירק ,מועצה אזורית דרום השרון ,1244
כסלון ,מועצה אזורית מטה יהודה ,431
שדה אליעזר ,מועצה אזורית מבואות החרמון ,1013
גני יוחנן ,מועצה אזורית גזר ,694
גינתון ,מועצה אזורית חבל מודיעין ,941
בקוע ,מועצה אזורית מטה יהודה ,914
שיבולים ,מועצה אזורית שדות נגב ,426
יטבתה ,מועצה אזורית חבל אילות ,996
אלוני יצחק ,מועצה אזורית מנשה ,172
גבעת השלושה ,מועצה אזורית דרום השרון ,780
עינת ,מועצה אזורית דרום השרון ,946
גאולי תימן ,מועצה אזורית עמק חפר ,407
שלווה ,מועצה אזורית שפיר ,690
מגדל העמק , ,32067
בית חירות ,מועצה אזורית עמק חפר ,941
עין שריד ,מועצה אזורית לב השרון ,1574
אורנים ,מועצה אזורית זבולון ,6
שדה בוקר ,מועצה אזורית רמת נגב ,632
איתנים ,מועצה אזורית מטה יהודה ,3
"כפר הרי""ף ",מועצה אזורית יואב ,884
כפר חסידים ב' ,מועצה אזורית זבולון ,282
כפר הנוער הדתי ,מועצה אזורית זבולון ,59
עבדון ,מועצה אזורית מעלה יוסף ,765
מדרשת רופין ,מועצה אזורית עמק חפר ,9
שבלי - אום אל-גנם , ,7074
ישע ,מועצה אזורית אשכול ,467
עצמון שגב ,מועצה אזורית משגב ,1470
גבעת ישעיהו ,מועצה אזורית מטה יהודה ,744
שער מועצה אזורית מנשה ,מועצה אזורית מנשה ,117
רכסים , ,15475
נווה אבות , ,14
אבו עמרה )שבט( , ,20
אבו סריחאן )שבט( , ,28
מסעודין אל-עזאזמה , ,21228
סואעד )חמירה( ,מועצה אזורית עמק יזרעאל ,292
בסמת טבעון , ,8524
חוג'ייראת )ד'הרה( ,מועצה אזורית משגב ,27
הוזייל )שבט( , ,1707
עוקבי )בנו עוקבה( , ,678
אבו עבדון )שבט( , ,296
אפיניש )שבט( , ,114
אסד )שבט( , ,1225
אבו רוקייק )שבט( , ,11684
טובא-זנגריה , ,7401
אעצם )שבט( , ,12921
קודייראת א-צאנע)שבט( , ,2651
אטרש )שבט( , ,3480
אבו רובייעה )שבט( , ,10285
אבו ג'ווייעד )שבט( , ,5594
אבו קורינאת )שבט( , ,7718
עטאוונה )שבט( , ,152
תראבין א-צאנע )שבט( , ,1125
קוואעין )שבט( , ,1107
זרזיר , ,9439
ג'נאביב )שבט( , ,1727
כעביה-טבאש-חג'אג'רה , ,6632
ח'ואלד )שבט( ,מועצה אזורית זבולון ,100
סואעד )כמאנה( )שבט( , ,31
ראס עלי ,מועצה אזורית זבולון ,760
חמאם ,מועצה אזורית אל-בטוף ,1762
מנשית זבדה ,מועצה אזורית עמק יזרעאל ,1663
רומת הייב ,מועצה אזורית אל-בטוף ,2465
ביר אל-מכסור , ,11296
מבשרת ציון , ,29361
אור עקיבא , ,27901
חרוצים ,מועצה אזורית חוף השרון ,848
שדרות , ,40388
קרית מלאכי , ,30000
נצאצרה )שבט( , ,425
אבו עמאר )שבט( , ,93
גיזו ,מועצה אזורית מטה יהודה ,212
יעף ,מועצה אזורית לב השרון ,280
שתולה ,מועצה אזורית מעלה יוסף ,355
אוהד ,מועצה אזורית אשכול ,411
חזון ,מועצה אזורית מרום הגליל ,389
בית חשמונאי ,מועצה אזורית גזר ,2304
תלמי אליהו ,מועצה אזורית אשכול ,315
קטורה ,מועצה אזורית חבל אילות ,658
עין חצבה ,מועצה אזורית תמר ,59
תל שבע , ,24516
"עין כרם-בי""ס חקלאי ",מועצה אזורית מטה יהודה ,22
נווה זוהר ,מועצה אזורית תמר ,67
שדה ניצן ,מועצה אזורית אשכול ,566
כסיפה , ,22407
לקיה , ,19488
נוף הגליל , ,56144
מעלות-תרשיחא , ,26196
אמירים ,מועצה אזורית מרום הגליל ,913
זמרת ,מועצה אזורית שדות נגב ,775
"בני עי""ש ", ,7214
"דוב""ב ",מועצה אזורית מרום הגליל ,508
אדמית ,מועצה אזורית מטה אשר ,547
רם-און ,מועצה אזורית הגלבוע,954
אביעזר ,מועצה אזורית מטה יהודה ,930
נווה מיכאל ,מועצה אזורית מטה יהודה ,826
גן הדרום ,מועצה אזורית גדרות ,523
בית ברל ,מועצה אזורית דרום השרון ,55
גבעת מועצה אזורית שפירא ,מועצה אזורית עמק חפר ,328
צפרירים ,מועצה אזורית מטה יהודה ,446
מבועים ,מועצה אזורית מרחבים ,1250
אבן מנחם ,מועצה אזורית מעלה יוסף ,406
מעגלים ,מועצה אזורית שדות נגב ,1528
תושיה ,מועצה אזורית שדות נגב ,626
בן שמן )כפר נוער( ,מועצה אזורית חבל מודיעין ,251
כרם שלום ,מועצה אזורית אשכול ,296
כרם ביבנה )ישיבה( ,מועצה אזורית חבל יבנה ,277
כפר מימון ,מועצה אזורית שדות נגב ,824
מרכז מועצה אזורית שפירא ,מועצה אזורית שפיר ,3339
צוקי ים ,מועצה אזורית עמק חפר ,273
גני הדר ,מועצה אזורית גזר ,428
פוריה - כפר עבודה ,מועצה אזורית עמק הירדן ,425
פוריה - נווה עובד ,מועצה אזורית עמק הירדן ,1706
אומן ,מועצה אזורית הגלבוע,946
חבר ,מועצה אזורית הגלבוע,1050
יודפת ,מועצה אזורית משגב ,1085
צור הדסה , ,10977
שריגים )לי-און( ,מועצה אזורית מטה יהודה ,1134
אביבים ,מועצה אזורית מרום הגליל ,571
יעל ,מועצה אזורית הגלבוע,29
אדרת ,מועצה אזורית מטה יהודה ,940
נאות הכיכר ,מועצה אזורית תמר ,324
אלמגור ,מועצה אזורית עמק הירדן ,490
אילות ,מועצה אזורית חבל אילות ,406
מעלה גלבוע ,מועצה אזורית עמק המעיינות ,917
מי עמי ,מועצה אזורית מנשה ,434
גרופית ,מועצה אזורית חבל אילות ,393
כפר רוזנואלד )זרעית( ,מועצה אזורית מעלה יוסף ,355
שניר ,מועצה אזורית הגליל העליון ,764
ורדון ,מועצה אזורית יואב ,307
יד השמונה ,מועצה אזורית מטה יהודה ,322
צוחר ,מועצה אזורית אשכול ,615
קרית יערים , ,7894
יעד ,מועצה אזורית משגב ,932
כרמיאל , ,55504
מדרשת בן גוריון ,מועצה אזורית רמת נגב ,1898
מבוא מודיעים ,מועצה אזורית חבל מודיעין ,224
נס עמים ,מועצה אזורית מטה אשר ,479
אלומה ,מועצה אזורית שפיר ,1691
עלומים ,מועצה אזורית שדות נגב ,550
נטועה ,מועצה אזורית מעלה יוסף ,367
צור נתן ,מועצה אזורית דרום השרון ,319
עזר ,מועצה אזורית באר טוביה ,736
צופר ,מועצה אזורית הערבה התיכונה ,561
פארן ,מועצה אזורית הערבה התיכונה ,659
אשלים ,מועצה אזורית רמת נגב ,780
כישור ,מועצה אזורית משגב ,150
מיטל ,מועצה אזורית עמק המעיינות ,89
מגן שאול ,מועצה אזורית הגלבוע,830
סמר ,מועצה אזורית חבל אילות ,283
אחווה ,מועצה אזורית באר טוביה ,182
יהל ,מועצה אזורית חבל אילות ,401
שכניה ,מועצה אזורית משגב ,828
רהט , ,82337
בית רימון ,מועצה אזורית הגליל התחתון ,1321
מורן ,מועצה אזורית משגב ,525
שילת ,מועצה אזורית חבל מודיעין ,844
כפר רות ,מועצה אזורית חבל מודיעין ,275
קיסריה ,מועצה אזורית חוף הכרמל ,7669
הוואשלה )שבט( , ,2182
סייד )שבט( , ,1803
לוטם ,מועצה אזורית משגב ,822
תובל ,מועצה אזורית משגב ,504
לפידות ,מועצה אזורית מעלה יוסף ,144
מנוף ,מועצה אזורית משגב ,924
עידן ,מועצה אזורית הערבה התיכונה ,537
ספיר ,מועצה אזורית הערבה התיכונה ,612
טללים ,מועצה אזורית רמת נגב ,682
מורשת ,מועצה אזורית משגב ,1858
קורנית ,מועצה אזורית משגב ,998
צביה ,מועצה אזורית משגב ,341
טל-אל ,מועצה אזורית משגב ,1456
אלון הגליל ,מועצה אזורית עמק יזרעאל ,1238
כליל ,מועצה אזורית מטה אשר ,1082
מתת ,מועצה אזורית מעלה יוסף ,251
פלך ,מועצה אזורית משגב ,250
הושעיה ,מועצה אזורית עמק יזרעאל ,2158
עיר אובות ,מועצה אזורית הערבה התיכונה ,65
אשחר ,מועצה אזורית משגב ,1154
מצפה נטופה ,מועצה אזורית הגליל התחתון ,1227
בר יוחאי ,מועצה אזורית מרום הגליל ,1249
ערערה-בנגב , ,22240
ניצנה )קהילת חינוך( ,מועצה אזורית רמת נגב ,304
מחנה יתיר , ,335
נאות סמדר ,מועצה אזורית חבל אילות ,247
כרמים ,מועצה אזורית בני שמעון ,548
עדי ,מועצה אזורית עמק יזרעאל ,1964
מודיעין-מכבים-רעות , ,111119
כמון ,מועצה אזורית משגב ,878
מכמנים ,מועצה אזורית משגב ,673
הררית ,מועצה אזורית משגב ,745
גילון ,מועצה אזורית משגב ,1270
מנות ,מועצה אזורית מעלה יוסף ,637
גיתה ,מועצה אזורית מעלה יוסף ,297
לבון ,מועצה אזורית משגב ,934
הילה ,מועצה אזורית מעלה יוסף ,612
חרשים ,מועצה אזורית משגב ,394
כחל ,מועצה אזורית מבואות החרמון ,565
קדרים ,מועצה אזורית הגליל העליון ,400
עמוקה ,מועצה אזורית מרום הגליל ,194
צבעון ,מועצה אזורית הגליל העליון ,472
טפחות ,מועצה אזורית מרום הגליל ,457
גורנות הגליל ,מועצה אזורית מעלה יוסף ,343
אבירים ,מועצה אזורית מעלה יוסף ,388
צורית ,מועצה אזורית משגב ,1037
"מצפה אבי""ב ",מועצה אזורית משגב ,1156
שדי אברהם ,מועצה אזורית אשכול ,401
כוכב יאיר-צור יגאל , ,10453
רביד ,מועצה אזורית עמק הירדן ,127
יובלים ,מועצה אזורית משגב ,1373
יתד ,מועצה אזורית אשכול ,661
רקפת ,מועצה אזורית משגב ,1087
כלנית ,מועצה אזורית מרום הגליל ,304
לבנים ,מועצה אזורית מרום הגליל ,582
פרי גן ,מועצה אזורית אשכול ,266
יבול ,מועצה אזורית אשכול ,400
שקף ,מועצה אזורית לכיש ,612
קבועה )שבט( , ,1424
שורשים ,מועצה אזורית משגב ,748
נירית ,מועצה אזורית דרום השרון ,1080
תלמי יוסף ,מועצה אזורית אשכול ,383
סופה ,מועצה אזורית אשכול ,275
חולית ,מועצה אזורית אשכול ,219
עין הבשור ,מועצה אזורית אשכול ,1189
דקל ,מועצה אזורית אשכול ,432
נתיב העשרה ,מועצה אזורית חוף אשקלון ,1157
קציר ,מועצה אזורית מנשה ,3177
מועצה אזורית תמרת ,מועצה אזורית עמק יזרעאל ,1751
סלמה ,מועצה אזורית משגב ,4016
עראמשה ,מועצה אזורית מטה אשר ,1720
חריש , ,41363
אליפז ,מועצה אזורית חבל אילות ,220
הרדוף ,מועצה אזורית עמק יזרעאל ,717
עין מועצה אזורית תמר ,מועצה אזורית תמר ,230
כורזים ,מועצה אזורית מבואות החרמון ,501
אמנון ,מועצה אזורית מבואות החרמון ,547
נטף ,מועצה אזורית מטה יהודה ,605
לוטן ,מועצה אזורית חבל אילות ,275
אשרת ,מועצה אזורית מטה אשר ,672
חנתון ,מועצה אזורית עמק יזרעאל ,1021
מסד ,מועצה אזורית הגליל התחתון ,538
נווה שלום ,מועצה אזורית מטה יהודה ,424
רתמים ,מועצה אזורית רמת נגב ,917
הר עמשא ,מועצה אזורית תמר ,284
צוקים ,מועצה אזורית הערבה התיכונה ,450
כפר ורדים , ,6247
כרמי יוסף ,מועצה אזורית גזר ,1991
שומריה ,מועצה אזורית בני שמעון ,871
שחרות ,מועצה אזורית חבל אילות ,173
שיטים ,מועצה אזורית חבל אילות ,6
מיתר , ,12702
להבים , ,7906
חלוץ ,מועצה אזורית משגב ,653
גן נר ,מועצה אזורית הגלבוע,2794
אבטליון ,מועצה אזורית משגב ,503
אשבל ,מועצה אזורית משגב ,149
באר מילכה ,מועצה אזורית רמת נגב ,236
נווה חריף ,מועצה אזורית חבל אילות ,115
ניצני סיני ,מועצה אזורית רמת נגב ,385
מירב ,מועצה אזורית עמק המעיינות ,907
תל תאומים ,מועצה אזורית עמק המעיינות ,678
נופית ,מועצה אזורית זבולון ,2567
כרכום ,מועצה אזורית מבואות החרמון ,495
שגב-שלום , ,14129
שני ,מועצה אזורית הר חברון ,547
גבעת אלה ,מועצה אזורית עמק יזרעאל ,2099
זמר , ,8262
כמהין ,מועצה אזורית רמת נגב ,268
ג'דיידה-מכר , ,21969
גבעת אבני ,מועצה אזורית הגליל התחתון ,2317
אור הגנוז ,מועצה אזורית מרום הגליל ,678
יאנוח-ג'ת , ,7182
כסרא-סמיע , ,9828
כפר חנניה ,מועצה אזורית מרום הגליל ,791
אתגר ,מועצה אזורית משגב ,33
חורה , ,22890
שוהם , ,25023
אלעד , ,51177
לפיד ,מועצה אזורית חבל מודיעין ,2249
אבשלום ,מועצה אזורית אשכול ,481
פוריה עילית ,מועצה אזורית עמק הירדן ,1490
נווה זיו ,מועצה אזורית מעלה יוסף ,1030
מתן ,מועצה אזורית דרום השרון ,3464
אל-עריאן ,מועצה אזורית מנשה ,201
דמיידה ,מועצה אזורית משגב ,617
מבואות ים ,מועצה אזורית עמק חפר ,74
בת חפר ,מועצה אזורית עמק חפר ,5477
עין חוד ,מועצה אזורית חוף הכרמל ,334
ח'ואלד ,מועצה אזורית זבולון ,787
הודיות ,מועצה אזורית הגליל התחתון ,60
בת הדר ,מועצה אזורית חוף אשקלון ,683
ארסוף ,מועצה אזורית חוף השרון ,258
כפר זוהרים ,מועצה אזורית מטה יהודה ,45
"בסמ""ה ", ,12472
מעלה עירון , ,16787
אחוזת ברק ,מועצה אזורית עמק יזרעאל ,2701
כמאנה ,מועצה אזורית משגב ,1743
חוסנייה ,מועצה אזורית משגב ,1003
נוף איילון ,מועצה אזורית גזר ,2140
ראס אל-עין ,מועצה אזורית משגב ,445
ערב אל נעים ,מועצה אזורית משגב ,945
אירוס ,מועצה אזורית גן רווה ,1096
שמשית ,מועצה אזורית עמק יזרעאל ,2468
כדיתה ,מועצה אזורית מרום הגליל ,221
אל-עזי ,מועצה אזורית יואב ,172
מרחב עם ,מועצה אזורית רמת נגב ,683
אבו קרינאת )יישוב( ,מועצה אזורית נווה מדבר ,1767
מכחול ,מועצה אזורית אל קסום ,1584
גבעות בר ,מועצה אזורית בני שמעון ,1328
צור יצחק ,מועצה אזורית דרום השרון ,7834
תראבין א-צאנע)ישוב( ,מועצה אזורית אל קסום ,1481
קצר א-סר ,מועצה אזורית נווה מדבר ,3255
ביר הדאג' ,מועצה אזורית נווה מדבר ,3673
דריג'את ,מועצה אזורית אל קסום ,1174
אום בטין ,מועצה אזורית אל קסום ,5456
אל סייד ,מועצה אזורית אל קסום ,4689
סעוה ,מועצה אזורית אל קסום ,2932
בת חן ,מועצה אזורית עמק חפר ,549
גבעות עדן ,מועצה אזורית מטה יהודה ,1006
בני נצרים ,מועצה אזורית אשכול ,1007
שלומית ,מועצה אזורית אשכול ,618
אליאב ,מועצה אזורית לכיש ,907
נווה ,מועצה אזורית אשכול ,1238
כחלה ,מועצה אזורית אל קסום ,518
בני דקלים ,מועצה אזורית לכיש ,1994
נטע ,מועצה אזורית לכיש ,1036
מצפה אילן ,מועצה אזורית מנשה ,868
גני טל ,מועצה אזורית נחל שורק ,1014
נצר חזני ,מועצה אזורית נחל שורק ,610
שלווה במדבר ,מועצה אזורית רמת נגב ,13
כרמי קטיף ,מועצה אזורית לכיש ,884
אבו תלול ,מועצה אזורית נווה מדבר ,3363
באר גנים ,מועצה אזורית חוף אשקלון ,2497
שבי דרום ,מועצה אזורית מרחבים ,735
שיזף ,מועצה אזורית רמת נגב ,160
מחנה הילה ,מועצה אזורית גן רווה ,275
מחנה תל נוף ,מועצה אזורית ברנר ,375
מחנה יהודית ,מועצה אזורית עמק יזרעאל ,254
מחנה מרים ,מועצה אזורית באר טוביה ,212
מחנה יפה ,מועצה אזורית מרחבים ,389
מחנה יוכבד ,מועצה אזורית חבל אילות ,254
מחנה טלי ,מועצה אזורית רמת נגב ,247
ניצן ב' ,מועצה אזורית חוף אשקלון ,496
תנובות ,מועצה אזורית לב השרון ,912
תלמי אלעזר ,מועצה אזורית מנשה ,1033
כנות ,מועצה אזורית באר טוביה ,65
שדה יצחק ,מועצה אזורית מנשה ,626
יובל ,מועצה אזורית מבואות החרמון ,787
כפר בן נון ,מועצה אזורית גזר ,829
ינון ,מועצה אזורית באר טוביה ,1181
אורות ,מועצה אזורית באר טוביה ,624
בן שמן )מושב( ,מועצה אזורית חבל מודיעין ,932
גבעולים ,מועצה אזורית שדות נגב ,542
שדי חמד ,מועצה אזורית דרום השרון ,1072
רוויה ,מועצה אזורית עמק המעיינות ,380
גבעת חיים )איחוד( ,מועצה אזורית עמק חפר ,1529
אשל הנשיא ,מועצה אזורית מרחבים ,132
להב ,מועצה אזורית בני שמעון ,836
אום אל-קוטוף ,מועצה אזורית מנשה ,1269
ירדנה ,מועצה אזורית עמק המעיינות ,462
מדרך עוז ,מועצה אזורית מגידו ,854
מנוחה ,מועצה אזורית לכיש ,655
בית חלקיה ,מועצה אזורית נחל שורק ,1080
חצור הגלילית , ,11450
עדנים ,מועצה אזורית דרום השרון ,446
ברקת ,מועצה אזורית חבל מודיעין ,2160
קרית יערים)מוסד( ,מועצה אזורית מטה יהודה ,48
עין גדי ,מועצה אזורית תמר ,597
בחן ,מועצה אזורית עמק חפר ,1175
מלילות ,מועצה אזורית שדות נגב ,464
נחלה ,מועצה אזורית יואב ,764
סגולה ,מועצה אזורית יואב ,614
ניר משה ,מועצה אזורית מרחבים ,570
ניר עקיבא ,מועצה אזורית מרחבים ,729
שדה צבי ,מועצה אזורית מרחבים ,777
"תלמי ביל""ו ",מועצה אזורית מרחבים ,549
רווחה ,מועצה אזורית שפיר ,630
אביטל ,מועצה אזורית הגלבוע,608
פרזון ,מועצה אזורית הגלבוע,444
מיטב ,מועצה אזורית הגלבוע,540
מאור ,מועצה אזורית מנשה ,1710
שדי תרומות ,מועצה אזורית עמק המעיינות ,610
"פעמי תש""ז ",מועצה אזורית מרחבים ,638
ברוש ,מועצה אזורית בני שמעון ,558
תדהר ,מועצה אזורית בני שמעון ,763
תאשור ,מועצה אזורית בני שמעון ,451
דישון ,מועצה אזורית מבואות החרמון ,419
זרועה ,מועצה אזורית שדות נגב ,582
טירת כרמל , ,33925
דימונה , ,43376
קרית טבעון , ,20850
אור יהודה , ,42253
נשר , ,25165
באר יעקב , ,38107
גדרה , ,31812
ערד , ,35311
אילת , ,70236
בית שמש , ,195287
קרית אונו , ,48899
קרית גת , ,78272
ראש העין , ,80116
רמת השרון , ,53650
יבנה , ,60316
אום אל-פחם , ,62061
טירה , ,29517
טייבה , ,48667
זבארגה )שבט( , ,17
קרית שמונה , ,25545
ירושלים , ,1105159
חברון , ,611
כפר עציון ,מועצה אזורית גוש עציון ,1106
בר כוכבא ,מועצה אזורית גוש עציון ,75
נתיב הגדוד ,מועצה אזורית ערבות הירדן ,245
אלמוג ,מועצה אזורית מגילות ים המלח ,348
קדומים , ,4849
תומר ,מועצה אזורית ערבות הירדן ,395
אלקנה , ,4677
מגדל עוז ,מועצה אזורית גוש עציון ,419
תקוע ,מועצה אזורית גוש עציון ,4986
כוכב השחר ,מועצה אזורית מטה בנימין ,2973
רימונים ,מועצה אזורית מטה בנימין ,723
יפית ,מועצה אזורית ערבות הירדן ,299
סלעית ,מועצה אזורית שומרון ,1626
ריחן ,מועצה אזורית שומרון ,526
מבוא דותן ,מועצה אזורית שומרון ,930
אריאל , ,22265
שבי מועצה אזורית שומרון ,מועצה אזורית שומרון ,1157
כפר תפוח ,מועצה אזורית שומרון ,1521
נוה צוף ,מועצה אזורית מטה בנימין ,1511
בית אל , ,6782
בית חורון ,מועצה אזורית מטה בנימין ,1416
מצפה יריחו ,מועצה אזורית מטה בנימין ,2855
שדמות מחולה ,מועצה אזורית ערבות הירדן ,871
אלון מורה ,מועצה אזורית שומרון ,2136
ארגמן ,מועצה אזורית ערבות הירדן ,186
מחולה ,מועצה אזורית ערבות הירדן ,842
קליה ,מועצה אזורית מגילות ים המלח ,566
ראש צורים ,מועצה אזורית גוש עציון ,1161
הר גילה ,מועצה אזורית גוש עציון ,1671
אלון שבות ,מועצה אזורית גוש עציון ,3563
משואה ,מועצה אזורית ערבות הירדן ,485
גלגל ,מועצה אזורית ערבות הירדן ,225
"ייט""ב ",מועצה אזורית ערבות הירדן ,285
מעלה אפרים , ,1951
חמרה ,מועצה אזורית ערבות הירדן ,286
מצפה שלם ,מועצה אזורית מגילות ים המלח ,229
קרית ארבע , ,8433
בקעות ,מועצה אזורית ערבות הירדן ,231
גיתית ,מועצה אזורית ערבות הירדן ,628
מכורה ,מועצה אזורית ערבות הירדן ,238
פצאל ,מועצה אזורית ערבות הירדן ,463
מעלה אדומים , ,40791
עופרה ,מועצה אזורית מטה בנימין ,3328
אלעזר ,מועצה אזורית גוש עציון ,2881
רועי ,מועצה אזורית ערבות הירדן ,165
נערן ,מועצה אזורית ערבות הירדן ,155
כפר אדומים ,מועצה אזורית מטה בנימין ,5270
ורד יריחו ,מועצה אזורית מגילות ים המלח ,417
קרני מועצה אזורית שומרון , ,11194
שילה ,מועצה אזורית מטה בנימין ,6216
חיננית ,מועצה אזורית שומרון ,2006
גבעון החדשה ,מועצה אזורית מטה בנימין ,1204
בית הערבה ,מועצה אזורית מגילות ים המלח ,413
חמדת ,מועצה אזורית ערבות הירדן ,397
יקיר ,מועצה אזורית שומרון ,2961
מתתיהו ,מועצה אזורית מטה בנימין ,984
שקד ,מועצה אזורית שומרון ,1194
אפרת , ,13498
מעלה מכמש ,מועצה אזורית מטה בנימין ,2281
בית אריה , ,6115
מעלה עמוס ,מועצה אזורית גוש עציון ,1534
ברקן ,מועצה אזורית שומרון ,2293
"ניל""י ",מועצה אזורית מטה בנימין ,2283
כרמל ,מועצה אזורית הר חברון ,693
מעון ,מועצה אזורית הר חברון ,776
עטרת ,מועצה אזורית מטה בנימין ,797
פסגות ,מועצה אזורית מטה בנימין ,2429
עמנואל , ,6352
מבוא חורון ,מועצה אזורית מטה בנימין ,2712
ברכה ,מועצה אזורית שומרון ,3388
שא-נור ,מועצה אזורית שומרון ,14
ענב ,מועצה אזורית שומרון ,1330
"נעמ""ה ",מועצה אזורית ערבות הירדן ,343
עלמון ,מועצה אזורית מטה בנימין ,1523
חרמש ,מועצה אזורית שומרון ,298
תלם ,מועצה אזורית הר חברון ,728
מועצה אזורית אשכולות ,מועצה אזורית הר חברון ,621
פני חבר ,מועצה אזורית הר חברון ,643
נגוהות ,מועצה אזורית הר חברון ,680
נווה דניאל ,מועצה אזורית גוש עציון ,2940
נוקדים ,מועצה אזורית גוש עציון ,3671
עלי זהב ,מועצה אזורית שומרון ,5751
גבעת זאב , ,25603
טנא ,מועצה אזורית הר חברון ,1193
ברוכין ,מועצה אזורית שומרון ,2817
בית יתיר ,מועצה אזורית הר חברון ,739
קרית נטפים ,מועצה אזורית שומרון ,1107
דולב ,מועצה אזורית מטה בנימין ,1669
עתניאל ,מועצה אזורית הר חברון ,968
יצהר ,מועצה אזורית שומרון ,2646
אלפי מועצה אזורית מנשה , ,8636
מגדלים ,מועצה אזורית שומרון ,879
מעלה לבונה ,מועצה אזורית מטה בנימין ,1047
אספר ,מועצה אזורית גוש עציון ,1589
סוסיה ,מועצה אזורית הר חברון ,1658
אדורה ,מועצה אזורית הר חברון ,627
אורנית , ,10209
אימועצה אזורית תמר ,מועצה אזורית שומרון ,1708
גבע בנימין ,מועצה אזורית מטה בנימין ,6518
חגי ,מועצה אזורית הר חברון ,916
עלי ,מועצה אזורית מטה בנימין ,4786
כרמי צור ,מועצה אזורית גוש עציון ,1121
נחליאל ,מועצה אזורית מטה בנימין ,1008
פדואל ,מועצה אזורית שומרון ,2293
הר אדר , ,4406
חשמונאים ,מועצה אזורית מטה בנימין ,2923
סנסנה ,מועצה אזורית הר חברון ,874
כוכב יעקב ,מועצה אזורית מטה בנימין ,3728
ביתר עילית , ,74720
קדר ,מועצה אזורית גוש עציון ,1631
רותם ,מועצה אזורית ערבות הירדן ,320
שמעה ,מועצה אזורית הר חברון ,1028
משכיות ,מועצה אזורית ערבות הירדן ,396
אובנת ,מועצה אזורית מגילות ים המלח ,318
נעלה ,מועצה אזורית מטה בנימין ,2980
טלמון ,מועצה אזורית מטה בנימין ,6336
נופים ,מועצה אזורית שומרון ,1580
צופים ,מועצה אזורית שומרון ,2984
אבני חפץ ,מועצה אזורית שומרון ,2717
בת עין ,מועצה אזורית גוש עציון ,2083
רבבה ,מועצה אזורית שומרון ,3369
כפר האורנים ,מועצה אזורית מטה בנימין ,2353
מודיעין עילית , ,92263
תל ציון ,מועצה אזורית מטה בנימין ,7531
רחלים ,מועצה אזורית שומרון ,1319
גני מודיעין ,מועצה אזורית מטה בנימין ,3710
עמיחי ,מועצה אזורית מטה בנימין ,407
מבואות יריחו ,מועצה אזורית ערבות הירדן ,409
שער מועצה אזורית שומרון , ,9019
עשהאל ,מועצה אזורית הר חברון ,166
גבעות הרואה ,מועצה אזורית מטה בנימין ,127
בית חוגלה ,מועצה אזורית מגילות ים המלח ,510
שחרית ,מועצה אזורית שומרון ,21
אביגיל ,מועצה אזורית הר חברון ,154
חרשה ,מועצה אזורית מטה בנימין ,5
מגרון ,מועצה אזורית מטה בנימין ,9
שבות רחל ,מועצה אזורית מטה בנימין ,8
טל מועצה אזורית מנשה ,מועצה אזורית שומרון ,11
אחיה ,מועצה אזורית מטה בנימין ,4
כרם רעים ,מועצה אזורית מטה בנימין ,9
איבי הנחל ,מועצה אזורית גוש עציון ,3
אדוריים ,מועצה אזורית הר חברון ,28
חיפה , ,342662
בוקעאתא , ,7141
אלי-עד ,מועצה אזורית גולן ,594
אל-רום ,מועצה אזורית גולן ,615
כפר חרוב ,מועצה אזורית גולן ,635
חספין ,מועצה אזורית גולן ,1789
קשת ,מועצה אזורית גולן ,960
יונתן ,מועצה אזורית גולן ,941
מעלה גמלא ,מועצה אזורית גולן ,698
שעל ,מועצה אזורית גולן ,446
אודם ,מועצה אזורית גולן ,274
אבני איתן ,מועצה אזורית גולן ,1049
אניעם ,מועצה אזורית גולן ,590
אורטל ,מועצה אזורית גולן ,403
נטור ,מועצה אזורית גולן ,702
בני יהודה ,מועצה אזורית גולן ,1350
אלוני הבשן ,מועצה אזורית גולן ,570
מיצר ,מועצה אזורית גולן ,347
גבעת מועצה אזורית יואב ,מועצה אזורית גולן ,804
גשור ,מועצה אזורית גולן ,425
קלע ,מועצה אזורית גולן ,487
קדמת צבי ,מועצה אזורית גולן ,797
חד-נס ,מועצה אזורית גולן ,936
כנף ,מועצה אזורית גולן ,543
רמת הנשיא טראמפ ,מועצה אזורית גולן ,124
נמרוד ,מועצה אזורית גולן ,24
קצרין , ,9548
מרום מועצה אזורית גולן ,מועצה אזורית גולן ,863
מג'דל שמס , ,11972
מסעדה , ,4337
מבוא חמה ,מועצה אזורית גולן ,660
אפיק ,מועצה אזורית גולן ,462
"נווה אטי""ב ",מועצה אזורית גולן ,247
נוב ,מועצה אזורית גולן ,1179
ע'ג'ר , ,2980
עין קנייא , ,2596
עין זיוון ,מועצה אזורית גולן ,569
נאות מועצה אזורית גולן ,מועצה אזורית גולן ,796
רמת מגשימים ,מועצה אזורית גולן ,893
רמות ,מועצה אזורית גולן ,702
תל אביב יפו , ,596251
באקה אל-גרביה , ,32775
בני ברק , ,239866
בת ים , ,160621
גבעתיים , ,65828
הרצליה , ,126677
חדרה , ,114781
חולון , ,211962
טבריה , ,56537
קרית אתא , ,67539
כפר סבא , ,111836
לוד , ,99227
אשקלון , ,184645
נס ציונה , ,49497
נצרת , ,82082
נתניה , ,286545
סח'נין , ,35923
עכו , ,60524
עפולה , ,71652
פרדס חנה-כרכור , ,50596
פתח תקווה , ,283200
צפת , ,41868
קרית מוצקין , ,56381
ראשון לציון , ,287909
רחובות , ,166596
רמלה , ,88914
רמת גן , ,189292
רעננה , ,100141
שפרעם , ,44641
טמרה , ,37764
באר שבע , ,232624
נהריה , ,78780
בית שאן , ,21747
זכרון יעקב , ,27124
יהוד-מונוסון , ,33499
קרית ביאליק , ,51755
קרית ים , ,49670
הוד השרון , ,71208
בנימינה-גבעת עדה , ,17097
